{"cameraMode":{"drawMode":0,"name":"Shaded","section":"Shading Mode"},"sceneLighting":true,"audioPlay":false,"sceneViewState":{"showFog":true,"showMaterialUpdate":false,"showSkybox":true,"showFlares":true,"showImageEffects":true,"showParticleSystems":true},"in2DMode":false,"pivot":{"x":654.9000244140625,"y":313.45001220703127,"z":0.0},"rotation":{"x":0.013492886908352375,"y":0.03149194270372391,"z":-0.00042517605470493436,"w":0.9994133114814758},"size":732.617919921875,"orthographic":true}